{
    "dataset/data_concept_embedding/billy_dog/billy_dog_1.jpg": [
        [
            3.4028234663852886e+38,
            3.4028234663852886e+38,
            3.4028234663852886e+38,
            3.4028234663852886e+38,
            3.4028234663852886e+38
        ],
        [
            -1,
            -1,
            -1,
            -1,
            -1
        ],
        [
            "/home/dataset/coco2017/train2017/000000581929.jpg",
            "/home/dataset/coco2017/train2017/000000581929.jpg",
            "/home/dataset/coco2017/train2017/000000581929.jpg",
            "/home/dataset/coco2017/train2017/000000581929.jpg",
            "/home/dataset/coco2017/train2017/000000581929.jpg"
        ]
    ],
    "dataset/data_concept_embedding/billy_dog/billy_dog_10.jpg": [
        [
            3.4028234663852886e+38,
            3.4028234663852886e+38,
            3.4028234663852886e+38,
            3.4028234663852886e+38,
            3.4028234663852886e+38
        ],
        [
            -1,
            -1,
            -1,
            -1,
            -1
        ],
        [
            "/home/dataset/coco2017/train2017/000000581929.jpg",
            "/home/dataset/coco2017/train2017/000000581929.jpg",
            "/home/dataset/coco2017/train2017/000000581929.jpg",
            "/home/dataset/coco2017/train2017/000000581929.jpg",
            "/home/dataset/coco2017/train2017/000000581929.jpg"
        ]
    ],
    "dataset/data_concept_embedding/billy_dog/billy_dog_11.jpg": [
        [
            3.4028234663852886e+38,
            3.4028234663852886e+38,
            3.4028234663852886e+38,
            3.4028234663852886e+38,
            3.4028234663852886e+38
        ],
        [
            -1,
            -1,
            -1,
            -1,
            -1
        ],
        [
            "/home/dataset/coco2017/train2017/000000581929.jpg",
            "/home/dataset/coco2017/train2017/000000581929.jpg",
            "/home/dataset/coco2017/train2017/000000581929.jpg",
            "/home/dataset/coco2017/train2017/000000581929.jpg",
            "/home/dataset/coco2017/train2017/000000581929.jpg"
        ]
    ],
    "dataset/data_concept_embedding/billy_dog/billy_dog_2.jpg": [
        [
            3.4028234663852886e+38,
            3.4028234663852886e+38,
            3.4028234663852886e+38,
            3.4028234663852886e+38,
            3.4028234663852886e+38
        ],
        [
            -1,
            -1,
            -1,
            -1,
            -1
        ],
        [
            "/home/dataset/coco2017/train2017/000000581929.jpg",
            "/home/dataset/coco2017/train2017/000000581929.jpg",
            "/home/dataset/coco2017/train2017/000000581929.jpg",
            "/home/dataset/coco2017/train2017/000000581929.jpg",
            "/home/dataset/coco2017/train2017/000000581929.jpg"
        ]
    ],
    "dataset/data_concept_embedding/billy_dog/billy_dog_3.jpg": [
        [
            3.4028234663852886e+38,
            3.4028234663852886e+38,
            3.4028234663852886e+38,
            3.4028234663852886e+38,
            3.4028234663852886e+38
        ],
        [
            -1,
            -1,
            -1,
            -1,
            -1
        ],
        [
            "/home/dataset/coco2017/train2017/000000581929.jpg",
            "/home/dataset/coco2017/train2017/000000581929.jpg",
            "/home/dataset/coco2017/train2017/000000581929.jpg",
            "/home/dataset/coco2017/train2017/000000581929.jpg",
            "/home/dataset/coco2017/train2017/000000581929.jpg"
        ]
    ],
    "dataset/data_concept_embedding/billy_dog/billy_dog_4.jpg": [
        [
            3.4028234663852886e+38,
            3.4028234663852886e+38,
            3.4028234663852886e+38,
            3.4028234663852886e+38,
            3.4028234663852886e+38
        ],
        [
            -1,
            -1,
            -1,
            -1,
            -1
        ],
        [
            "/home/dataset/coco2017/train2017/000000581929.jpg",
            "/home/dataset/coco2017/train2017/000000581929.jpg",
            "/home/dataset/coco2017/train2017/000000581929.jpg",
            "/home/dataset/coco2017/train2017/000000581929.jpg",
            "/home/dataset/coco2017/train2017/000000581929.jpg"
        ]
    ],
    "dataset/data_concept_embedding/billy_dog/billy_dog_5.jpg": [
        [
            3.4028234663852886e+38,
            3.4028234663852886e+38,
            3.4028234663852886e+38,
            3.4028234663852886e+38,
            3.4028234663852886e+38
        ],
        [
            -1,
            -1,
            -1,
            -1,
            -1
        ],
        [
            "/home/dataset/coco2017/train2017/000000581929.jpg",
            "/home/dataset/coco2017/train2017/000000581929.jpg",
            "/home/dataset/coco2017/train2017/000000581929.jpg",
            "/home/dataset/coco2017/train2017/000000581929.jpg",
            "/home/dataset/coco2017/train2017/000000581929.jpg"
        ]
    ],
    "dataset/data_concept_embedding/billy_dog/billy_dog_6.jpg": [
        [
            3.4028234663852886e+38,
            3.4028234663852886e+38,
            3.4028234663852886e+38,
            3.4028234663852886e+38,
            3.4028234663852886e+38
        ],
        [
            -1,
            -1,
            -1,
            -1,
            -1
        ],
        [
            "/home/dataset/coco2017/train2017/000000581929.jpg",
            "/home/dataset/coco2017/train2017/000000581929.jpg",
            "/home/dataset/coco2017/train2017/000000581929.jpg",
            "/home/dataset/coco2017/train2017/000000581929.jpg",
            "/home/dataset/coco2017/train2017/000000581929.jpg"
        ]
    ],
    "dataset/data_concept_embedding/billy_dog/billy_dog_7.jpg": [
        [
            3.4028234663852886e+38,
            3.4028234663852886e+38,
            3.4028234663852886e+38,
            3.4028234663852886e+38,
            3.4028234663852886e+38
        ],
        [
            -1,
            -1,
            -1,
            -1,
            -1
        ],
        [
            "/home/dataset/coco2017/train2017/000000581929.jpg",
            "/home/dataset/coco2017/train2017/000000581929.jpg",
            "/home/dataset/coco2017/train2017/000000581929.jpg",
            "/home/dataset/coco2017/train2017/000000581929.jpg",
            "/home/dataset/coco2017/train2017/000000581929.jpg"
        ]
    ],
    "dataset/data_concept_embedding/billy_dog/billy_dog_8.jpg": [
        [
            3.4028234663852886e+38,
            3.4028234663852886e+38,
            3.4028234663852886e+38,
            3.4028234663852886e+38,
            3.4028234663852886e+38
        ],
        [
            -1,
            -1,
            -1,
            -1,
            -1
        ],
        [
            "/home/dataset/coco2017/train2017/000000581929.jpg",
            "/home/dataset/coco2017/train2017/000000581929.jpg",
            "/home/dataset/coco2017/train2017/000000581929.jpg",
            "/home/dataset/coco2017/train2017/000000581929.jpg",
            "/home/dataset/coco2017/train2017/000000581929.jpg"
        ]
    ],
    "dataset/data_concept_embedding/billy_dog/billy_dog_9.jpg": [
        [
            3.4028234663852886e+38,
            3.4028234663852886e+38,
            3.4028234663852886e+38,
            3.4028234663852886e+38,
            3.4028234663852886e+38
        ],
        [
            -1,
            -1,
            -1,
            -1,
            -1
        ],
        [
            "/home/dataset/coco2017/train2017/000000581929.jpg",
            "/home/dataset/coco2017/train2017/000000581929.jpg",
            "/home/dataset/coco2017/train2017/000000581929.jpg",
            "/home/dataset/coco2017/train2017/000000581929.jpg",
            "/home/dataset/coco2017/train2017/000000581929.jpg"
        ]
    ]
}