{
    "dataset/data_concept_embedding/bull/bull_1.jpg": [
        [
            0.867222785949707,
            0.8740471005439758,
            0.9123910665512085,
            0.9185730814933777,
            0.9381453990936279
        ],
        [
            112287,
            63123,
            9066,
            66678,
            111427
        ],
        [
            "/home/dataset/coco2017/train2017/000000553000.jpg",
            "/home/dataset/coco2017/train2017/000000310928.jpg",
            "/home/dataset/coco2017/train2017/000000044332.jpg",
            "/home/dataset/coco2017/train2017/000000328246.jpg",
            "/home/dataset/coco2017/train2017/000000548821.jpg"
        ]
    ],
    "dataset/data_concept_embedding/bull/bull_10.jpg": [
        [
            0.8184846639633179,
            0.8621458411216736,
            0.9049832820892334,
            0.9173370599746704,
            0.9280158877372742
        ],
        [
            62496,
            22655,
            96444,
            78468,
            112392
        ],
        [
            "/home/dataset/coco2017/train2017/000000307995.jpg",
            "/home/dataset/coco2017/train2017/000000111032.jpg",
            "/home/dataset/coco2017/train2017/000000474373.jpg",
            "/home/dataset/coco2017/train2017/000000385707.jpg",
            "/home/dataset/coco2017/train2017/000000553487.jpg"
        ]
    ],
    "dataset/data_concept_embedding/bull/bull_2.jpg": [
        [
            0.8243016004562378,
            0.8329601287841797,
            0.8575422167778015,
            0.86122065782547,
            0.8876340389251709
        ],
        [
            112287,
            111427,
            66678,
            63123,
            19715
        ],
        [
            "/home/dataset/coco2017/train2017/000000553000.jpg",
            "/home/dataset/coco2017/train2017/000000548821.jpg",
            "/home/dataset/coco2017/train2017/000000328246.jpg",
            "/home/dataset/coco2017/train2017/000000310928.jpg",
            "/home/dataset/coco2017/train2017/000000096833.jpg"
        ]
    ],
    "dataset/data_concept_embedding/bull/bull_3.jpg": [
        [
            0.9088507294654846,
            0.9540834426879883,
            0.9696981310844421,
            0.9697917103767395,
            0.9707672595977783
        ],
        [
            4350,
            22428,
            58737,
            88603,
            72067
        ],
        [
            "/home/dataset/coco2017/train2017/000000021498.jpg",
            "/home/dataset/coco2017/train2017/000000109937.jpg",
            "/home/dataset/coco2017/train2017/000000289514.jpg",
            "/home/dataset/coco2017/train2017/000000435583.jpg",
            "/home/dataset/coco2017/train2017/000000354410.jpg"
        ]
    ],
    "dataset/data_concept_embedding/bull/bull_4.jpg": [
        [
            0.8314639329910278,
            0.8802126049995422,
            0.8834361433982849,
            0.9165623784065247,
            0.920613169670105
        ],
        [
            72067,
            20474,
            112287,
            65938,
            10507
        ],
        [
            "/home/dataset/coco2017/train2017/000000354410.jpg",
            "/home/dataset/coco2017/train2017/000000100530.jpg",
            "/home/dataset/coco2017/train2017/000000553000.jpg",
            "/home/dataset/coco2017/train2017/000000324740.jpg",
            "/home/dataset/coco2017/train2017/000000051359.jpg"
        ]
    ],
    "dataset/data_concept_embedding/bull/bull_5.jpg": [
        [
            0.8593659996986389,
            0.8772027492523193,
            0.8854913711547852,
            0.8921576142311096,
            0.8931452035903931
        ],
        [
            63829,
            44943,
            11096,
            83213,
            100228
        ],
        [
            "/home/dataset/coco2017/train2017/000000314388.jpg",
            "/home/dataset/coco2017/train2017/000000221561.jpg",
            "/home/dataset/coco2017/train2017/000000054300.jpg",
            "/home/dataset/coco2017/train2017/000000408681.jpg",
            "/home/dataset/coco2017/train2017/000000492886.jpg"
        ]
    ],
    "dataset/data_concept_embedding/bull/bull_6.jpg": [
        [
            0.8672109246253967,
            0.8856774568557739,
            0.8955556750297546,
            0.9128004908561707,
            0.9153319001197815
        ],
        [
            23942,
            63829,
            69044,
            9482,
            44411
        ],
        [
            "/home/dataset/coco2017/train2017/000000117494.jpg",
            "/home/dataset/coco2017/train2017/000000314388.jpg",
            "/home/dataset/coco2017/train2017/000000339495.jpg",
            "/home/dataset/coco2017/train2017/000000046255.jpg",
            "/home/dataset/coco2017/train2017/000000218911.jpg"
        ]
    ],
    "dataset/data_concept_embedding/bull/bull_7.jpg": [
        [
            0.9921748042106628,
            0.9934655427932739,
            0.9957952499389648,
            0.9965901374816895,
            1.004011869430542
        ],
        [
            41419,
            54382,
            72452,
            111945,
            60269
        ],
        [
            "/home/dataset/coco2017/train2017/000000204138.jpg",
            "/home/dataset/coco2017/train2017/000000268190.jpg",
            "/home/dataset/coco2017/train2017/000000356257.jpg",
            "/home/dataset/coco2017/train2017/000000551349.jpg",
            "/home/dataset/coco2017/train2017/000000296946.jpg"
        ]
    ],
    "dataset/data_concept_embedding/bull/bull_8.jpg": [
        [
            0.8659568428993225,
            0.8795623183250427,
            0.881550669670105,
            0.8908008337020874,
            0.8973351120948792
        ],
        [
            6167,
            112287,
            102094,
            84722,
            37970
        ],
        [
            "/home/dataset/coco2017/train2017/000000030106.jpg",
            "/home/dataset/coco2017/train2017/000000553000.jpg",
            "/home/dataset/coco2017/train2017/000000502232.jpg",
            "/home/dataset/coco2017/train2017/000000416325.jpg",
            "/home/dataset/coco2017/train2017/000000186883.jpg"
        ]
    ],
    "dataset/data_concept_embedding/bull/bull_9.jpg": [
        [
            0.9286844730377197,
            0.9363354444503784,
            0.9452993273735046,
            0.9493131637573242,
            0.9509103894233704
        ],
        [
            50391,
            90773,
            46631,
            23942,
            69489
        ],
        [
            "/home/dataset/coco2017/train2017/000000248419.jpg",
            "/home/dataset/coco2017/train2017/000000446462.jpg",
            "/home/dataset/coco2017/train2017/000000229787.jpg",
            "/home/dataset/coco2017/train2017/000000117494.jpg",
            "/home/dataset/coco2017/train2017/000000341707.jpg"
        ]
    ]
}