{
    "dataset/data_concept_embedding/asian_doll/asian_doll_1.jpg": [
        [
            0.9158695340156555,
            0.9293078184127808,
            0.9298165440559387,
            0.9741748571395874,
            0.9812960624694824
        ],
        [
            2480,
            36414,
            39333,
            44356,
            118058
        ],
        [
            "/home/dataset/coco2017/train2017/000000012463.jpg",
            "/home/dataset/coco2017/train2017/000000179180.jpg",
            "/home/dataset/coco2017/train2017/000000193465.jpg",
            "/home/dataset/coco2017/train2017/000000218668.jpg",
            "/home/dataset/coco2017/train2017/000000580781.jpg"
        ]
    ],
    "dataset/data_concept_embedding/asian_doll/asian_doll_10.jpg": [
        [
            0.8581672310829163,
            0.9051578640937805,
            0.9319912195205688,
            0.9377894997596741,
            0.9394886493682861
        ],
        [
            50686,
            75178,
            111013,
            36414,
            56287
        ],
        [
            "/home/dataset/coco2017/train2017/000000250051.jpg",
            "/home/dataset/coco2017/train2017/000000369433.jpg",
            "/home/dataset/coco2017/train2017/000000546596.jpg",
            "/home/dataset/coco2017/train2017/000000179180.jpg",
            "/home/dataset/coco2017/train2017/000000277807.jpg"
        ]
    ],
    "dataset/data_concept_embedding/asian_doll/asian_doll_11.jpg": [
        [
            0.8083295822143555,
            0.8519149422645569,
            0.9017606377601624,
            0.9069694876670837,
            0.9104477763175964
        ],
        [
            89755,
            111013,
            75911,
            110606,
            104391
        ],
        [
            "/home/dataset/coco2017/train2017/000000441323.jpg",
            "/home/dataset/coco2017/train2017/000000546596.jpg",
            "/home/dataset/coco2017/train2017/000000373022.jpg",
            "/home/dataset/coco2017/train2017/000000544457.jpg",
            "/home/dataset/coco2017/train2017/000000513805.jpg"
        ]
    ],
    "dataset/data_concept_embedding/asian_doll/asian_doll_12.jpg": [
        [
            0.8220625519752502,
            0.9264169931411743,
            0.9475941061973572,
            0.9716748595237732,
            0.972246527671814
        ],
        [
            36414,
            80804,
            75178,
            30821,
            2480
        ],
        [
            "/home/dataset/coco2017/train2017/000000179180.jpg",
            "/home/dataset/coco2017/train2017/000000397291.jpg",
            "/home/dataset/coco2017/train2017/000000369433.jpg",
            "/home/dataset/coco2017/train2017/000000151184.jpg",
            "/home/dataset/coco2017/train2017/000000012463.jpg"
        ]
    ],
    "dataset/data_concept_embedding/asian_doll/asian_doll_13.jpg": [
        [
            0.8054666519165039,
            0.837059497833252,
            0.8878305554389954,
            0.8898683190345764,
            0.9032976031303406
        ],
        [
            36414,
            2480,
            3588,
            38215,
            44356
        ],
        [
            "/home/dataset/coco2017/train2017/000000179180.jpg",
            "/home/dataset/coco2017/train2017/000000012463.jpg",
            "/home/dataset/coco2017/train2017/000000017870.jpg",
            "/home/dataset/coco2017/train2017/000000188053.jpg",
            "/home/dataset/coco2017/train2017/000000218668.jpg"
        ]
    ],
    "dataset/data_concept_embedding/asian_doll/asian_doll_14.jpg": [
        [
            0.8489188551902771,
            0.8557029366493225,
            0.8674736022949219,
            0.8760920763015747,
            0.8791882991790771
        ],
        [
            36414,
            38215,
            75178,
            118058,
            115172
        ],
        [
            "/home/dataset/coco2017/train2017/000000179180.jpg",
            "/home/dataset/coco2017/train2017/000000188053.jpg",
            "/home/dataset/coco2017/train2017/000000369433.jpg",
            "/home/dataset/coco2017/train2017/000000580781.jpg",
            "/home/dataset/coco2017/train2017/000000566752.jpg"
        ]
    ],
    "dataset/data_concept_embedding/asian_doll/asian_doll_2.jpg": [
        [
            0.8935827016830444,
            0.9245176315307617,
            0.9273388981819153,
            0.9276686310768127,
            0.954960286617279
        ],
        [
            36414,
            2480,
            14266,
            44356,
            38215
        ],
        [
            "/home/dataset/coco2017/train2017/000000179180.jpg",
            "/home/dataset/coco2017/train2017/000000012463.jpg",
            "/home/dataset/coco2017/train2017/000000069884.jpg",
            "/home/dataset/coco2017/train2017/000000218668.jpg",
            "/home/dataset/coco2017/train2017/000000188053.jpg"
        ]
    ],
    "dataset/data_concept_embedding/asian_doll/asian_doll_3.jpg": [
        [
            0.8386160731315613,
            0.8476863503456116,
            0.8779247403144836,
            0.9067796468734741,
            0.926296055316925
        ],
        [
            36414,
            2480,
            38215,
            44356,
            75178
        ],
        [
            "/home/dataset/coco2017/train2017/000000179180.jpg",
            "/home/dataset/coco2017/train2017/000000012463.jpg",
            "/home/dataset/coco2017/train2017/000000188053.jpg",
            "/home/dataset/coco2017/train2017/000000218668.jpg",
            "/home/dataset/coco2017/train2017/000000369433.jpg"
        ]
    ],
    "dataset/data_concept_embedding/asian_doll/asian_doll_4.jpg": [
        [
            0.7687753438949585,
            0.8194168210029602,
            0.8211706876754761,
            0.8255504369735718,
            0.8319637179374695
        ],
        [
            38215,
            89276,
            3588,
            56287,
            14434
        ],
        [
            "/home/dataset/coco2017/train2017/000000188053.jpg",
            "/home/dataset/coco2017/train2017/000000438899.jpg",
            "/home/dataset/coco2017/train2017/000000017870.jpg",
            "/home/dataset/coco2017/train2017/000000277807.jpg",
            "/home/dataset/coco2017/train2017/000000070755.jpg"
        ]
    ],
    "dataset/data_concept_embedding/asian_doll/asian_doll_5.jpg": [
        [
            0.9085906744003296,
            0.9263099431991577,
            0.9379239678382874,
            0.9398303627967834,
            0.9529099464416504
        ],
        [
            114337,
            88283,
            38215,
            89276,
            56117
        ],
        [
            "/home/dataset/coco2017/train2017/000000562735.jpg",
            "/home/dataset/coco2017/train2017/000000434053.jpg",
            "/home/dataset/coco2017/train2017/000000188053.jpg",
            "/home/dataset/coco2017/train2017/000000438899.jpg",
            "/home/dataset/coco2017/train2017/000000277015.jpg"
        ]
    ],
    "dataset/data_concept_embedding/asian_doll/asian_doll_6.jpg": [
        [
            0.8801095485687256,
            0.8890566229820251,
            0.8900073766708374,
            0.8987493515014648,
            0.9022322297096252
        ],
        [
            95897,
            118058,
            44356,
            55509,
            2480
        ],
        [
            "/home/dataset/coco2017/train2017/000000471691.jpg",
            "/home/dataset/coco2017/train2017/000000580781.jpg",
            "/home/dataset/coco2017/train2017/000000218668.jpg",
            "/home/dataset/coco2017/train2017/000000273979.jpg",
            "/home/dataset/coco2017/train2017/000000012463.jpg"
        ]
    ],