{
    "dataset/data_concept_embedding/cat_statue/cat_statue_1.jpg": [
        [
            0.8995410799980164,
            0.9197008013725281,
            0.9224238991737366,
            0.922816276550293,
            0.9395439028739929
        ],
        [
            83624,
            112791,
            82632,
            50686,
            56006
        ],
        [
            "/home/dataset/coco2017/train2017/000000410724.jpg",
            "/home/dataset/coco2017/train2017/000000555339.jpg",
            "/home/dataset/coco2017/train2017/000000405864.jpg",
            "/home/dataset/coco2017/train2017/000000250051.jpg",
            "/home/dataset/coco2017/train2017/000000276507.jpg"
        ]
    ],
    "dataset/data_concept_embedding/cat_statue/cat_statue_10.jpg": [
        [
            0.8353803753852844,
            0.8481608629226685,
            0.8556520342826843,
            0.8560385704040527,
            0.8804929256439209
        ],
        [
            83624,
            96769,
            5884,
            82632,
            53344
        ],
        [
            "/home/dataset/coco2017/train2017/000000410724.jpg",
            "/home/dataset/coco2017/train2017/000000476011.jpg",
            "/home/dataset/coco2017/train2017/000000028698.jpg",
            "/home/dataset/coco2017/train2017/000000405864.jpg",
            "/home/dataset/coco2017/train2017/000000262984.jpg"
        ]
    ],
    "dataset/data_concept_embedding/cat_statue/cat_statue_11.jpg": [
        [
            0.8252054452896118,
            0.8377878665924072,
            0.8656095266342163,
            0.8986886739730835,
            0.8990340232849121
        ],
        [
            83624,
            82632,
            104530,
            3602,
            5884
        ],
        [
            "/home/dataset/coco2017/train2017/000000410724.jpg",
            "/home/dataset/coco2017/train2017/000000405864.jpg",
            "/home/dataset/coco2017/train2017/000000514457.jpg",
            "/home/dataset/coco2017/train2017/000000017936.jpg",
            "/home/dataset/coco2017/train2017/000000028698.jpg"
        ]
    ],
    "dataset/data_concept_embedding/cat_statue/cat_statue_12.jpg": [
        [
            0.831145703792572,
            0.8586211204528809,
            0.8627195954322815,
            0.8665657043457031,
            0.8688883185386658
        ],
        [
            83624,
            62764,
            86530,
            5884,
            4614
        ],
        [
            "/home/dataset/coco2017/train2017/000000410724.jpg",
            "/home/dataset/coco2017/train2017/000000309237.jpg",
            "/home/dataset/coco2017/train2017/000000425288.jpg",
            "/home/dataset/coco2017/train2017/000000028698.jpg",
            "/home/dataset/coco2017/train2017/000000022759.jpg"
        ]
    ],
    "dataset/data_concept_embedding/cat_statue/cat_statue_13.jpg": [
        [
            0.974527895450592,
            0.9887012839317322,
            1.022757887840271,
            1.0280424356460571,
            1.0322781801223755
        ],
        [
            83624,
            9540,
            62673,
            68921,
            5884
        ],
        [
            "/home/dataset/coco2017/train2017/000000410724.jpg",
            "/home/dataset/coco2017/train2017/000000046535.jpg",
            "/home/dataset/coco2017/train2017/000000308760.jpg",
            "/home/dataset/coco2017/train2017/000000338834.jpg",
            "/home/dataset/coco2017/train2017/000000028698.jpg"
        ]
    ],
    "dataset/data_concept_embedding/cat_statue/cat_statue_14.jpg": [
        [
            0.806461751461029,
            0.8390783071517944,
            0.8678353428840637,
            0.8895084857940674,
            0.892550528049469
        ],
        [
            94106,
            21216,
            60102,
            11197,
            22014
        ],
        [
            "/home/dataset/coco2017/train2017/000000462839.jpg",
            "/home/dataset/coco2017/train2017/000000104150.jpg",
            "/home/dataset/coco2017/train2017/000000296161.jpg",
            "/home/dataset/coco2017/train2017/000000054743.jpg",
            "/home/dataset/coco2017/train2017/000000107922.jpg"
        ]
    ],
    "dataset/data_concept_embedding/cat_statue/cat_statue_15.jpg": [
        [
            0.7864761352539062,
            0.8204885125160217,
            0.8537240624427795,
            0.8578627705574036,
            0.8717129230499268
        ],
        [
            2480,
            30336,
            69044,
            17266,
            106382
        ],
        [
            "/home/dataset/coco2017/train2017/000000012463.jpg",
            "/home/dataset/coco2017/train2017/000000148629.jpg",
            "/home/dataset/coco2017/train2017/000000339495.jpg",
            "/home/dataset/coco2017/train2017/000000084783.jpg",
            "/home/dataset/coco2017/train2017/000000523536.jpg"
        ]
    ],
    "dataset/data_concept_embedding/cat_statue/cat_statue_16.jpg": [
        [
            0.835631787776947,
            0.86385178565979,
            0.8888003826141357,
            0.915480375289917,
            0.9330403208732605
        ],
        [
            83624,
            82632,
            110972,
            3602,
            5884
        ],
        [
            "/home/dataset/coco2017/train2017/000000410724.jpg",
            "/home/dataset/coco2017/train2017/000000405864.jpg",
            "/home/dataset/coco2017/train2017/000000546378.jpg",
            "/home/dataset/coco2017/train2017/000000017936.jpg",
            "/home/dataset/coco2017/train2017/000000028698.jpg"
        ]
    ],
    "dataset/data_concept_embedding/cat_statue/cat_statue_17.jpg": [
        [
            0.8975682258605957,
            0.9036988615989685,
            0.9203952550888062,
            0.9522050023078918,
            0.9537348747253418
        ],
        [
            2480,
            112117,
            82632,
            36414,
            52233
        ],
        [
            "/home/dataset/coco2017/train2017/000000012463.jpg",
            "/home/dataset/coco2017/train2017/000000552142.jpg",
            "/home/dataset/coco2017/train2017/000000405864.jpg",
            "/home/dataset/coco2017/train2017/000000179180.jpg",
            "/home/dataset/coco2017/train2017/000000257458.jpg"
        ]
    ],
    "dataset/data_concept_embedding/cat_statue/cat_statue_2.jpg": [
        [
            0.8466530442237854,
            0.8801427483558655,
            0.8941986560821533,
            0.9059626460075378,
            0.9065388441085815
        ],
        [
            39318,
            52233,
            28292,
            4047,
            110111
        ],
        [
            "/home/dataset/coco2017/train2017/000000193398.jpg",
            "/home/dataset/coco2017/train2017/000000257458.jpg",
            "/home/dataset/coco2017/train2017/000000138781.jpg",
            "/home/dataset/coco2017/train2017/000000020087.jpg",
            "/home/dataset/coco2017/train2017/000000542054.jpg"
        ]
    ],
    "dataset/data_concept_embedding/cat_statue/cat_statue_3.jpg": [
        [
            0.8264846205711365,
            0.8785420656204224,
            0.8910759091377258,
            0.8971761465072632,
            0.8976977467536926
        ],
        [
            114337,
            89276,
            74055,
            51446,
            3588
        ],
        [
            "/home/dataset/coco2017/train2017/000000562735.jpg",
            "/home/dataset/coco2017/train2017/000000438899.jpg",
            "/home/dataset/coco2017/train2017/000000363933.jpg",
            "/home/dataset/coco2017/train2017/000000253733.jpg",
            "/home/dataset/coco2017/train2017/000000017870.jpg"
        ]
    ],